{"cameraMode":{"drawMode":0,"name":"Shaded","section":"Shading Mode"},"sceneLighting":true,"audioPlay":false,"sceneViewState":{"m_AlwaysRefresh":false,"showFog":true,"showSkybox":true,"showFlares":true,"showImageEffects":true,"showParticleSystems":true,"showVisualEffectGraphs":true,"m_FxEnabled":true},"in2DMode":false,"pivot":{"x":-701.2412719726563,"y":51.89383316040039,"z":-2181.246826171875},"rotation":{"x":0.0015930318040773273,"y":0.9884256720542908,"z":0.010379244573414326,"w":-0.15207350254058839},"size":1154.9085693359375,"orthographic":false}