{"cameraMode":{"drawMode":0,"name":"Shaded","section":"Shading Mode"},"sceneLighting":false,"audioPlay":false,"sceneViewState":{"m_AlwaysRefresh":false,"showFog":true,"showSkybox":true,"showFlares":true,"showImageEffects":true,"showParticleSystems":true,"showVisualEffectGraphs":true,"m_FxEnabled":true},"in2DMode":false,"pivot":{"x":-4.771204948425293,"y":5.350833892822266,"z":25.576251983642579},"rotation":{"x":0.008084666915237904,"y":-0.9399031400680542,"z":0.3409631550312042,"w":0.021892055869102479},"size":15.498246192932129,"orthographic":false}