{"cameraMode":{"drawMode":0,"name":"Shaded","section":"Shading Mode"},"sceneLighting":true,"audioPlay":false,"sceneViewState":{"m_AlwaysRefresh":false,"showFog":true,"showSkybox":true,"showFlares":true,"showImageEffects":true,"showParticleSystems":true,"showVisualEffectGraphs":true,"m_FxEnabled":true},"in2DMode":false,"pivot":{"x":-17.51335906982422,"y":-3.9570841789245607,"z":35.97365951538086},"rotation":{"x":0.19275213778018952,"y":0.19510288536548615,"z":-0.03936488926410675,"w":0.9609439373016357},"size":10.428838729858399,"orthographic":false}